;------------------------------------------------------------
;134_美宵
;------------------------------------------------------------
;服
別顔3_服_通常_134,134_顔.webp,0,0,180,180
別顔3_服_笑顔_134,134_顔.webp,180,0,180,180
別顔3_服_憤怒_134,134_顔.webp,360,0,180,180
別顔3_服_発情_134,134_顔.webp,900,0,180,180
;裸
別顔3_裸_通常_134,134_顔.webp,0,180,180,180
別顔3_裸_笑顔_134,134_顔.webp,180,180,180,180
別顔3_裸_憤怒_134,134_顔.webp,360,180,180,180
別顔3_裸_発情_134,134_顔.webp,900,180,180,180
別顔3_裸_自慰_134,134_顔.webp,720,180,180,180
別顔3_裸_愛撫_134,134_顔.webp,0,360,180,180
別顔3_裸_性交_134,134_顔.webp,180,360,180,180
;体形拆分
別顔3_服_爆乳拆分_134,134_爆.webp,180,0,180,180
別顔3_裸_爆乳拆分_134,134_爆.webp,180,180,180,180
別顔3_裸_発情_爆乳拆分_134,134_爆.webp,180,360,180,180
;エフェクト
別顔3_照れ_134,134_顔.webp,540,0,180,180
別顔3_裸吐息_134,134_顔.webp,360,360,180,180
別顔3_裸汗_134,134_顔.webp,540,360,180,180
別顔3_母乳_134,134_顔.webp,540,180,180,180
別顔3_母乳_134_爆乳拆分,134_爆.webp,0,360,180,180
;差分
別顔3_服_バニー_通常_134,134_顔_バニー.webp,0,0,180,180
別顔3_服_バニー_笑顔_134,134_顔_バニー.webp,180,0,180,180
別顔3_服_バニー_憤怒_134,134_顔_バニー.webp,360,0,180,180
別顔3_服_バニー_発情_134,134_顔_バニー.webp,720,0,180,180
別顔3_爆乳服_バニー_通常_134,134_顔_バニー.webp,0,180,180,180
別顔3_爆乳服_バニー_笑顔_134,134_顔_バニー.webp,180,180,180,180
別顔3_爆乳服_バニー_憤怒_134,134_顔_バニー.webp,360,180,180,180
別顔3_爆乳服_バニー_発情_134,134_顔_バニー.webp,720,180,180,180
