常量名,原文字符串
OPR_委托提示时,依頼提示時
OPR_委托非受託时,依頼非受託時
OPR_委托受託时,依頼受託時
OPR_委托确认时,依頼確認時
OPR_委托破棄时,依頼破棄時
OPR_委托实行直前,依頼実行直前
OPR_委托实行直后,依頼実行直後
OPR_成功报告时,成功報告時
OPR_失败报告时,失敗報告時
OPR_委托报告不要,依頼報告不要
OPR_委托条件表示,依頼条件表示
OPR_委托实行时,依頼実行時
OPR_委托成功时,依頼成功時
OPR_委托失败时,依頼失敗時
OPR_委托名,依頼名
OPR_委托内容表示,依頼内容表示
OPR_委托报酬表示,依頼報酬表示
OPR_委托实行指令名,依頼実行指令名
OPR_委托内容,依頼内容
OPR_委托子项,依頼サブ
OPR_委托期限,依頼期限
OPR_委托发生率,依頼発生率
OPR_委托发生条件,依頼発生条件
OPR_委托受託可能条件,依頼受託可能条件
OPR_委托实行可能条件,依頼実行可能条件
OPR_委托消灭条件,依頼消滅条件
OPR_委托人带出可能,依頼人連れ出し可能
OPR_委托发生直后,依頼発生直後
OPR_委托未受託,依頼未受託
OPR_委托中,依頼中
OPR_委托达成,依頼達成
OPR_期限切れ,期限切れ
OPR_报告忘れ,報告忘れ
OPR_委托失败,依頼失敗
OPR_委托终了成功,依頼終了（成功）
OPR_委托终了期限切れ,依頼終了（期限切れ）
OPR_委托终了报告忘れ,依頼終了（報告忘れ）
OPR_委托终了失败,依頼終了（失敗）
OPR_委托消灭,依頼消滅
OPR_委托人,CLIENT
OPR_目标,TARGET
OPR_无需报告,NO_REPORT
OPR_作业,作業
OPR_调达,調達
OPR_传令人物,伝令（人物）
OPR_传令场所,伝令（場所）
OPR_搜索人物,捜索（人物）
OPR_搜索场所,捜索（場所）
OPR_讨伐,討伐
OPR_其他,其他
OPR_赛前,試合前
OPR_上场,戦場に出した
OPR_攻击时,攻撃時
OPR_倒下时,倒れた時
OPR_败退时,敗退時
OPR_单挑胜,タイマン：勝ち
OPR_单挑负,タイマン：負け
OPR_大混战优胜,バトルロイヤル：優勝
OPR_大混战二位以下,バトルロイヤル：２位以下
OPR_团队战胜,チーム戦：勝ち
OPR_团队战负,チーム戦：負け
OPR_就在那里,そこだ！
OPR_近,近い
OPR_远,遠い
OPR_相当远,かなり遠い
OPR_前,前
OPR_稍前,少し前
OPR_后,後ろ
OPR_稍后,少し後ろ
OPR_右,右
OPR_稍右,少し右
OPR_左,左
OPR_稍左,少し左
OPR_冲突,衝突
OPR_结果,結果
OPR_就这样,どうぞそのまま
OPR_二人,二人
OPR_导入,導入
OPR_补正,補正
OPR_成功,成功
OPR_失败,失敗
OPR_战斗前,戦闘前
OPR_让步,ハンデ
OPR_击破,击破
OPR_被弹,被弾
OPR_残忍酷薄,残忍酷薄
OPR_乾坤一掷,乾坤一擲
OPR_怪力乱神,怪力乱神
OPR_战斗后,戦闘後
OPR_授乳,授乳
OPR_离乳食,離乳食
OPR_幼儿期,幼児期
OPR_幼少期,幼少期
OPR_自立前,自立前
OPR_弄伤人,怪我させた
OPR_被表扬,褒められた
OPR_撒娇,すけこまし
OPR_要钱,金の無心
OPR_寄送,仕送り
