神社境内_1_0,00/1_1_0.webp
神社境内_2_0,00/1_2_0.webp
神社境内_3_0,00/1_3_0.webp
神社境内_4_0,00/1_4_0.webp
神社境内_1_1,00/1_1_1.webp
神社境内_2_1,00/1_2_1.webp
神社境内_3_1,00/1_3_1.webp
神社境内_4_1,00/1_4_1.webp

神社本殿_1_0,00/2_1_0.webp
神社本殿_2_0,00/2_2_0.webp
神社本殿_3_0,00/2_3_0.webp
神社本殿_4_0,00/2_4_0.webp
神社本殿_1_1,00/2_1_1.webp
神社本殿_2_1,00/2_2_1.webp
神社本殿_3_1,00/2_3_1.webp
神社本殿_4_1,00/2_4_1.webp

神社走廊_1_0,00/3_1_0.webp
神社走廊_2_0,00/3_2_0.webp
神社走廊_3_0,00/3_3_0.webp
神社走廊_4_0,00/3_4_0.webp
神社走廊_1_1,00/3_1_1.webp
神社走廊_2_1,00/3_2_1.webp
神社走廊_3_1,00/3_3_1.webp
神社走廊_4_1,00/3_4_1.webp

参道_1_0,00/4_1_0.webp
参道_2_0,00/4_2_0.webp
参道_3_0,00/4_3_0.webp
参道_4_0,00/4_4_0.webp
参道_1_1,00/4_1_1.webp
参道_2_1,00/4_2_1.webp
参道_3_1,00/4_3_1.webp
参道_4_1,00/4_4_1.webp

梦幻遗迹前_1_0,00/5_1_0.webp
梦幻遗迹前_2_0,00/5_2_0.webp
梦幻遗迹前_3_0,00/5_3_0.webp
梦幻遗迹前_4_0,00/5_4_0.webp
梦幻遗迹前_1_1,00/5_1_1.webp
梦幻遗迹前_2_1,00/5_2_1.webp
梦幻遗迹前_3_1,00/5_3_1.webp
梦幻遗迹前_4_1,00/5_4_1.webp

梦幻遗迹内部_0_0,00/6_0_0.webp

大别墅外_1_0,00/7_1_0.webp
大别墅外_2_0,00/7_2_0.webp
大别墅外_3_0,00/7_3_0.webp
大别墅外_4_0,00/7_4_0.webp
大别墅外_1_1,00/7_1_1.webp
大别墅外_2_1,00/7_2_1.webp
大别墅外_3_1,00/7_3_1.webp
大别墅外_4_1,00/7_4_1.webp

大别墅_1_0,00/8_1_0.webp
大别墅_2_0,00/8_2_0.webp
大别墅_3_0,00/8_3_0.webp
大别墅_4_0,00/8_4_0.webp
大别墅_1_1,00/8_1_1.webp
大别墅_2_1,00/8_2_1.webp
大别墅_3_1,00/8_3_1.webp
大别墅_4_1,00/8_4_1.webp

镇守之森_1_0,00/9_1_0.webp
镇守之森_2_0,00/9_2_0.webp
镇守之森_3_0,00/9_3_0.webp
镇守之森_4_0,00/9_4_0.webp
镇守之森_1_1,00/9_1_1.webp
镇守之森_2_1,00/9_2_1.webp
镇守之森_3_1,00/9_3_1.webp
镇守之森_4_1,00/9_4_1.webp

三月精的家_0_0,00/10_0_0.webp
三月精的家_0_1,00/10_0_1.webp

人里户外_1_0,02/1_1_0.webp
人里户外_2_0,02/1_2_0.webp
人里户外_3_0,02/1_3_0.webp
人里户外_4_0,02/1_4_0.webp
人里户外_1_1,02/1_1_1.webp
人里户外_2_1,02/1_2_1.webp
人里户外_3_1,02/1_3_1.webp
人里户外_4_1,02/1_4_1.webp

铃奈庵_0_0,02/2_0_0.webp
铃奈庵_0_1,02/2_0_1.webp

鲵吞亭_0_0,02/3_0_0.webp
鲵吞亭_0_1,02/3_0_1.webp

寺子屋_0_0,02/4_0_0.webp
寺子屋_0_1,02/4_0_1.webp

警察署_0_0,02/5_0_0.webp
警察署_0_1,02/5_0_1.webp

大众浴场_0_0,02/6_0_0.webp

私人房间_0_0,02/7_0_0.webp
私人房间_0_1,02/7_0_1.webp

稗田邸_0_0,02/8_0_0.webp
稗田邸_0_1,02/8_0_1.webp

甜品店_0_0,02/9_0_0.webp
甜品店_0_1,02/9_0_1.webp

商家町_0_0,02/10_0_0.webp
商家町_0_1,02/10_0_1.webp

人里商店_0_0,02/11_0_0.webp
人里商店_0_1,02/11_0_1.webp

红魔馆正门_1_0,03/1_1_0.webp
红魔馆正门_2_0,03/1_2_0.webp
红魔馆正门_3_0,03/1_3_0.webp
红魔馆正门_4_0,03/1_4_0.webp
红魔馆正门_1_1,03/1_1_1.webp
红魔馆正门_2_1,03/1_2_1.webp
红魔馆正门_3_1,03/1_3_1.webp
红魔馆正门_4_1,03/1_4_1.webp

红魔馆大厅_0_0,03/2_0_0.webp
红魔馆大厅_0_1,03/2_0_1.webp

红魔馆餐厅_0_0,03/3_0_0.webp
红魔馆餐厅_0_1,03/3_0_1.webp

红魔馆会客室_0_0,03/4_0_0.webp
红魔馆会客室_0_1,03/4_0_1.webp

大图书馆_0_0,03/5_0_0.webp
大图书馆_0_1,03/5_0_1.webp

守卫小屋_0_0,03/6_0_0.webp
守卫小屋_0_1,03/6_0_1.webp

红魔馆仓库_0_0,03/7_0_0.webp

帕秋莉私室_0_0,03/8_0_0.webp
帕秋莉私室_0_1,03/8_0_1.webp

小恶魔私室_0_0,03/9_0_0.webp

地下走廊_0_0,03/10_0_0.webp

红魔馆后院_1_0,03/11_1_0.webp
红魔馆后院_2_0,03/11_2_0.webp
红魔馆后院_3_0,03/11_3_0.webp
红魔馆后院_4_0,03/11_4_0.webp
红魔馆后院_1_1,03/11_1_1.webp
红魔馆后院_2_1,03/11_2_1.webp
红魔馆后院_3_1,03/11_3_1.webp
红魔馆后院_4_1,03/11_4_1.webp

雾之湖湖畔_1_0,03/12_1_0.webp
雾之湖湖畔_2_0,03/12_2_0.webp
雾之湖湖畔_3_0,03/12_3_0.webp
雾之湖湖畔_4_0,03/12_4_0.webp
雾之湖湖畔_1_1,03/12_1_1.webp
雾之湖湖畔_2_1,03/12_2_1.webp
雾之湖湖畔_3_1,03/12_3_1.webp
雾之湖湖畔_4_1,03/12_4_1.webp

红魔馆露台_1_0,03/13_1_0.webp
红魔馆露台_2_0,03/13_2_0.webp
红魔馆露台_3_0,03/13_3_0.webp
红魔馆露台_4_0,03/13_4_0.webp
红魔馆露台_1_1,03/13_1_1.webp
红魔馆露台_2_1,03/13_2_1.webp
红魔馆露台_3_1,03/13_3_1.webp
红魔馆露台_4_1,03/13_4_1.webp

大妖精的家_0_0,03/14_0_0.webp
大妖精的家_0_1,03/14_0_1.webp

冰屋_0_0,03/15_0_0.webp
冰屋_0_1,03/15_0_1.webp

雾之湖湖底_0_0,03/16_0_0.webp

废洋馆大厅_0_0,03/17_0_0.webp
废洋馆大厅_0_1,03/17_0_1.webp

废洋馆卧室_0_0,03/18_0_0.webp
废洋馆卧室_0_1,03/18_0_1.webp

红魔馆浴场_0_0,03/19_0_0.webp

佣人间_0_0,03/20_0_0.webp

芙兰私室_0_0,03/21_0_0.webp

二楼走廊_0_0,03/22_0_0.webp
二楼走廊_0_1,03/22_0_1.webp

咲夜私室_0_0,03/23_0_0.webp
咲夜私室_0_1,03/23_0_1.webp

红魔馆空房间_0_0,03/24_0_0.webp
红魔馆空房间_0_1,03/24_0_1.webp

蕾米私室_0_0,03/25_0_0.webp
蕾米私室_0_1,03/25_0_1.webp

竹林_1_0,04/1_1_0.webp
竹林_2_0,04/1_2_0.webp
竹林_3_0,04/1_3_0.webp
竹林_4_0,04/1_4_0.webp
竹林_1_1,04/1_1_1.webp
竹林_2_1,04/1_2_1.webp
竹林_3_1,04/1_3_1.webp
竹林_4_1,04/1_4_1.webp

永远亭外_1_0,04/2_1_0.webp
永远亭外_2_0,04/2_2_0.webp
永远亭外_3_0,04/2_3_0.webp
永远亭外_4_0,04/2_4_0.webp
永远亭外_1_1,04/2_1_1.webp
永远亭外_2_1,04/2_2_1.webp
永远亭外_3_1,04/2_3_1.webp
永远亭外_4_1,04/2_4_1.webp

太阳花田_1_0,04/3_1_0.webp
太阳花田_2_0,04/3_2_0.webp
太阳花田_3_0,04/3_3_0.webp
太阳花田_4_0,04/3_4_0.webp
太阳花田_1_1,04/3_1_1.webp
太阳花田_2_1,04/3_2_1.webp
太阳花田_3_1,04/3_3_1.webp
太阳花田_4_1,04/3_4_1.webp

永远亭诊室_0_0,04/4_0_0.webp
永远亭诊室_0_1,04/4_0_1.webp

永远亭走廊_0_0,04/5_0_0.webp
永远亭走廊_0_1,04/5_0_1.webp

永远亭客厅_0_0,04/6_0_0.webp
永远亭客厅_0_1,04/6_0_1.webp

永远亭卧室_0_0,04/7_0_0.webp
永远亭卧室_0_1,04/7_0_1.webp

竹林居所_1_0,04/8_1_0.webp
竹林居所_2_0,04/8_2_0.webp
竹林居所_3_0,04/8_3_0.webp
竹林居所_4_0,04/8_4_0.webp
竹林居所_1_1,04/8_1_1.webp
竹林居所_2_1,04/8_2_1.webp
竹林居所_3_1,04/8_3_1.webp
竹林居所_4_1,04/8_4_1.webp

花田居所_1_0,04/9_1_0.webp
花田居所_2_0,04/9_2_0.webp
花田居所_3_0,04/9_3_0.webp
花田居所_4_0,04/9_4_0.webp
花田居所_1_1,04/9_1_1.webp
花田居所_2_1,04/9_2_1.webp
花田居所_3_1,04/9_3_1.webp
花田居所_4_1,04/9_4_1.webp

梦幻馆外_1_0,04/10_1_0.webp
梦幻馆外_2_0,04/10_2_0.webp
梦幻馆外_3_0,04/10_3_0.webp
梦幻馆外_4_0,04/10_4_0.webp
梦幻馆外_1_1,04/10_1_1.webp
梦幻馆外_2_1,04/10_2_1.webp
梦幻馆外_3_1,04/10_3_1.webp
梦幻馆外_4_1,04/10_4_1.webp

梦幻馆卧室_0_0,04/11_0_0.webp
梦幻馆卧室_0_1,04/11_0_1.webp

梦幻馆客厅_0_0,04/12_0_0.webp
梦幻馆客厅_0_1,04/12_0_1.webp

梦幻馆大厅_0_0,04/13_0_0.webp
梦幻馆大厅_0_1,04/13_0_1.webp

梦幻馆餐厅_0_0,04/14_0_0.webp
梦幻馆餐厅_0_1,04/14_0_1.webp
