;------------------------------------------------------------
;	G
;------------------------------------------------------------
;Et@Cl[̓LIDɍ킹
;EftHݒ width180 height180
;TCYςꍇ͑SăTCYȂƃY܂
;tHg10{ȏő
;kɂ͑ς܂g͂߂ق
;
;EL1摜t@CɎ߂
;ႢA\ɑ
;E\[X`K
;G̎(t@CႢ)_(Y̒iU)_\(X̒iU)_LID
;	GAG
;	A
;\	ʏAΊA{
;
;\[X,t@C,x,y,width,height
;ftHgl[
G__ʏ_17,17_.png,0,0,180,180

;_
;ȂL͕̍Wőp
;ɒ`Ă̂ŁAǉWς
G__ʏ_17,17_.png,0,180,180,180

;\
G__Ί_17,17_.png,180,0,180,180
G__{_17,17_.png,360,0,180,180
G__Ί_17,17_.png,180,180,180,180
G__{_17,17_.png,360,180,180,180
G_Ƃ_17,17_.png,540,0,180,180
;_ȂL@ǉ烊\[X`
;63.eT 71.j 73.Ԕ؊ 93.킩P 94.فX 95. 96. 97.
;106.俎q 107. 108. 109.h~[ 110.TO 111.NEs[X 112. 113.wJ[eBA

;------------------------------------------------------------

;------------------------------------------------------------
;_ʏ
;------------------------------------------------------------
G__ʏ_1,1_.png,0,0,180,180
G__ʏ_2,2_.png,0,0,180,180
G__ʏ_3,3_.png,0,0,180,180
G__ʏ_4,4_.png,0,0,180,180
G__ʏ_5,5_.png,0,0,180,180
G__ʏ_6,6_.png,0,0,180,180
G__ʏ_7,7_.png,0,0,180,180
G__ʏ_8,8_.png,0,0,180,180
G__ʏ_9,9_.png,0,0,180,180
G__ʏ_10,10_.png,0,0,180,180
G__ʏ_11,11_.png,0,0,180,180
G__ʏ_12,12_.png,0,0,180,180
G__ʏ_13,13_.png,0,0,180,180
G__ʏ_14,14_.png,0,0,180,180
G__ʏ_15,15_.png,0,0,180,180
G__ʏ_16,16_.png,0,0,180,180
;G__ʏ_17,17_.png,0,0,180,180
G__ʏ_18,18_.png,0,0,180,180
G__ʏ_19,19_.png,0,0,180,180
G__ʏ_20,20_.png,0,0,180,180
G__ʏ_21,21_.png,0,0,180,180
G__ʏ_22,22_.png,0,0,180,180
G__ʏ_23,23_.png,0,0,180,180
G__ʏ_24,24_.png,0,0,180,180
G__ʏ_25,25_.png,0,0,180,180
G__ʏ_26,26_.png,0,0,180,180
G__ʏ_27,27_.png,0,0,180,180
G__ʏ_28,28_.png,0,0,180,180
G__ʏ_29,29_.png,0,0,180,180
G__ʏ_30,30_.png,0,0,180,180
G__ʏ_31,31_.png,0,0,180,180
G__ʏ_32,32_.png,0,0,180,180
G__ʏ_33,33_.png,0,0,180,180
G__ʏ_34,34_.png,0,0,180,180
G__ʏ_35,35_.png,0,0,180,180
G__ʏ_36,36_.png,0,0,180,180
G__ʏ_37,37_.png,0,0,180,180
G__ʏ_38,38_.png,0,0,180,180
G__ʏ_39,39_.png,0,0,180,180
G__ʏ_40,40_.png,0,0,180,180
G__ʏ_41,41_.png,0,0,180,180
G__ʏ_42,42_.png,0,0,180,180
G__ʏ_43,43_.png,0,0,180,180
G__ʏ_44,44_.png,0,0,180,180
G__ʏ_45,45_.png,0,0,180,180
G__ʏ_46,46_.png,0,0,180,180
G__ʏ_47,47_.png,0,0,180,180
G__ʏ_48,48_.png,0,0,180,180
G__ʏ_49,49_.png,0,0,180,180
G__ʏ_50,50_.png,0,0,180,180
G__ʏ_51,51_.png,0,0,180,180
G__ʏ_52,52_.png,0,0,180,180
G__ʏ_53,53_.png,0,0,180,180
G__ʏ_54,54_.png,0,0,180,180
G__ʏ_55,55_.png,0,0,180,180
G__ʏ_56,56_.png,0,0,180,180
G__ʏ_57,57_.png,0,0,180,180
G__ʏ_58,58_.png,0,0,180,180
G__ʏ_59,59_.png,0,0,180,180
G__ʏ_60,60_.png,0,0,180,180
G__ʏ_61,61_.png,0,0,180,180
G__ʏ_62,62_.png,0,0,180,180
G__ʏ_63,63_.png,0,0,180,180
G__ʏ_64,64_.png,0,0,180,180
G__ʏ_65,65_.png,0,0,180,180
G__ʏ_66,66_.png,0,0,180,180
G__ʏ_67,67_.png,0,0,180,180
G__ʏ_68,68_.png,0,0,180,180
G__ʏ_69,69_.png,0,0,180,180
G__ʏ_70,70_.png,0,0,180,180
G__ʏ_71,71_.png,0,0,180,180
G__ʏ_72,72_.png,0,0,180,180
G__ʏ_73,73_.png,0,0,180,180
G__ʏ_74,74_.png,0,0,180,180
G__ʏ_75,75_.png,0,0,180,180
G__ʏ_76,76_.png,0,0,180,180
G__ʏ_77,77_.png,0,0,180,180
G__ʏ_78,78_.png,0,0,180,180
G__ʏ_79,79_.png,0,0,180,180
G__ʏ_80,80_.png,0,0,180,180
G__ʏ_81,81_.png,0,0,180,180
G__ʏ_82,82_.png,0,0,180,180
G__ʏ_83,83_.png,0,0,180,180
G__ʏ_84,84_.png,0,0,180,180
G__ʏ_85,85_.png,0,0,180,180
G__ʏ_86,86_.png,0,0,180,180
G__ʏ_87,87_.png,0,0,180,180
G__ʏ_88,88_.png,0,0,180,180
G__ʏ_89,89_.png,0,0,180,180
G__ʏ_90,90_.png,0,0,180,180
G__ʏ_91,91_.png,0,0,180,180
G__ʏ_92,92_.png,0,0,180,180
G__ʏ_93,93_.png,0,0,180,180
G__ʏ_94,94_.png,0,0,180,180
G__ʏ_95,95_.png,0,0,180,180
G__ʏ_96,96_.png,0,0,180,180
G__ʏ_97,97_.png,0,0,180,180
G__ʏ_98,98_.png,0,0,180,180
G__ʏ_99,99_.png,0,0,180,180
G__ʏ_100,100_.png,0,0,180,180
G__ʏ_101,101_.png,0,0,180,180
G__ʏ_102,102_.png,0,0,180,180
G__ʏ_103,103_.png,0,0,180,180
G__ʏ_104,104_.png,0,0,180,180
G__ʏ_105,105_.png,0,0,180,180
G__ʏ_106,106_.png,0,0,180,180
G__ʏ_107,107_.png,0,0,180,180
G__ʏ_108,108_.png,0,0,180,180
G__ʏ_109,109_.png,0,0,180,180
G__ʏ_110,110_.png,0,0,180,180
G__ʏ_111,111_.png,0,0,180,180
G__ʏ_112,112_.png,0,0,180,180
G__ʏ_113,113_.png,0,0,180,180
G__ʏ_114,114_.png,0,0,180,180
G__ʏ_115,115_.png,0,0,180,180
G__ʏ_116,116_.png,0,0,180,180
G__ʏ_117,117_.png,0,0,180,180
;G__ʏ_118,118_.png,0,0,180,180
;G__ʏ_119,119_.png,0,0,180,180
;G__ʏ_120,120_.png,0,0,180,180


;------------------------------------------------------------
;_ʏ
;------------------------------------------------------------
G__ʏ_1,1_.png,0,180,180,180
G__ʏ_2,2_.png,0,180,180,180
G__ʏ_3,3_.png,0,180,180,180
G__ʏ_4,4_.png,0,180,180,180
G__ʏ_5,5_.png,0,180,180,180
G__ʏ_6,6_.png,0,180,180,180
G__ʏ_7,7_.png,0,180,180,180
G__ʏ_8,8_.png,0,180,180,180
G__ʏ_9,9_.png,0,180,180,180
G__ʏ_10,10_.png,0,180,180,180
G__ʏ_11,11_.png,0,180,180,180
G__ʏ_12,12_.png,0,180,180,180
G__ʏ_13,13_.png,0,180,180,180
G__ʏ_14,14_.png,0,180,180,180
G__ʏ_15,15_.png,0,180,180,180
G__ʏ_16,16_.png,0,180,180,180
;G__ʏ_17,17_.png,0,180,180,180
G__ʏ_18,18_.png,0,180,180,180
G__ʏ_19,19_.png,0,180,180,180
G__ʏ_20,20_.png,0,180,180,180
G__ʏ_21,21_.png,0,180,180,180
G__ʏ_22,22_.png,0,180,180,180
G__ʏ_23,23_.png,0,180,180,180
G__ʏ_24,24_.png,0,180,180,180
G__ʏ_25,25_.png,0,180,180,180
G__ʏ_26,26_.png,0,180,180,180
G__ʏ_27,27_.png,0,180,180,180
G__ʏ_28,28_.png,0,180,180,180
G__ʏ_29,29_.png,0,180,180,180
G__ʏ_30,30_.png,0,180,180,180
G__ʏ_31,31_.png,0,180,180,180
G__ʏ_32,32_.png,0,180,180,180
G__ʏ_33,33_.png,0,180,180,180
G__ʏ_34,34_.png,0,180,180,180
G__ʏ_35,35_.png,0,180,180,180
G__ʏ_36,36_.png,0,180,180,180
G__ʏ_37,37_.png,0,180,180,180
G__ʏ_38,38_.png,0,180,180,180
G__ʏ_39,39_.png,0,180,180,180
G__ʏ_40,40_.png,0,180,180,180
G__ʏ_41,41_.png,0,180,180,180
G__ʏ_42,42_.png,0,180,180,180
G__ʏ_43,43_.png,0,180,180,180
G__ʏ_44,44_.png,0,180,180,180
G__ʏ_45,45_.png,0,180,180,180
G__ʏ_46,46_.png,0,180,180,180
G__ʏ_47,47_.png,0,180,180,180
G__ʏ_48,48_.png,0,180,180,180
G__ʏ_49,49_.png,0,180,180,180
G__ʏ_50,50_.png,0,180,180,180
G__ʏ_51,51_.png,0,180,180,180
G__ʏ_52,52_.png,0,180,180,180
G__ʏ_53,53_.png,0,180,180,180
G__ʏ_54,54_.png,0,180,180,180
G__ʏ_55,55_.png,0,180,180,180
G__ʏ_56,56_.png,0,180,180,180
G__ʏ_57,57_.png,0,180,180,180
G__ʏ_58,58_.png,0,180,180,180
G__ʏ_59,59_.png,0,180,180,180
G__ʏ_60,60_.png,0,180,180,180
G__ʏ_61,61_.png,0,180,180,180
G__ʏ_62,62_.png,0,180,180,180
G__ʏ_63,63_.png,0,0,180,180
G__ʏ_64,64_.png,0,180,180,180
G__ʏ_65,65_.png,0,180,180,180
G__ʏ_66,66_.png,0,180,180,180
G__ʏ_67,67_.png,0,180,180,180
G__ʏ_68,68_.png,0,180,180,180
G__ʏ_69,69_.png,0,180,180,180
G__ʏ_70,70_.png,0,180,180,180
G__ʏ_71,71_.png,0,0,180,180
G__ʏ_72,72_.png,0,180,180,180
G__ʏ_73,73_.png,0,0,180,180
G__ʏ_74,74_.png,0,180,180,180
G__ʏ_75,75_.png,0,180,180,180
G__ʏ_76,76_.png,0,180,180,180
G__ʏ_77,77_.png,0,180,180,180
G__ʏ_78,78_.png,0,180,180,180
G__ʏ_79,79_.png,0,180,180,180
G__ʏ_80,80_.png,0,180,180,180
G__ʏ_81,81_.png,0,180,180,180
G__ʏ_82,82_.png,0,180,180,180
G__ʏ_83,83_.png,0,180,180,180
G__ʏ_84,84_.png,0,180,180,180
G__ʏ_85,85_.png,0,180,180,180
G__ʏ_86,86_.png,0,180,180,180
G__ʏ_87,87_.png,0,180,180,180
G__ʏ_88,88_.png,0,180,180,180
G__ʏ_89,89_.png,0,180,180,180
G__ʏ_90,90_.png,0,180,180,180
G__ʏ_91,91_.png,0,180,180,180
G__ʏ_92,92_.png,0,180,180,180
G__ʏ_93,93_.png,0,0,180,180
G__ʏ_94,94_.png,0,0,180,180
G__ʏ_95,95_.png,0,0,180,180
G__ʏ_96,96_.png,0,0,180,180
G__ʏ_97,97_.png,0,0,180,180
G__ʏ_98,98_.png,0,180,180,180
G__ʏ_99,99_.png,0,180,180,180
G__ʏ_100,100_.png,0,180,180,180
G__ʏ_101,101_.png,0,180,180,180
G__ʏ_102,102_.png,0,180,180,180
G__ʏ_103,103_.png,0,180,180,180
G__ʏ_104,104_.png,0,180,180,180
G__ʏ_105,105_.png,0,180,180,180
G__ʏ_106,106_.png,0,0,180,180
G__ʏ_107,107_.png,0,0,180,180
G__ʏ_108,108_.png,0,0,180,180
G__ʏ_109,109_.png,0,0,180,180
G__ʏ_110,110_.png,0,0,180,180
G__ʏ_111,111_.png,0,180,180,180
G__ʏ_112,112_.png,0,0,180,180
G__ʏ_113,113_.png,0,0,180,180
G__ʏ_114,114_.png,0,180,180,180
G__ʏ_115,115_.png,0,180,180,180
G__ʏ_116,116_.png,0,180,180,180
G__ʏ_117,117_.png,0,180,180,180
;G__ʏ_118,118_.png,0,180,180,180
;G__ʏ_119,119_.png,0,180,180,180
;G__ʏ_120,120_.png,0,180,180,180


;----------------------------------
;_Ί
;----------------------------------
G__Ί_1,1_.png,180,0,180,180
G__Ί_2,2_.png,180,0,180,180
G__Ί_3,3_.png,180,0,180,180
G__Ί_4,4_.png,180,0,180,180
G__Ί_5,5_.png,180,0,180,180
G__Ί_6,6_.png,180,0,180,180
G__Ί_7,7_.png,180,0,180,180
G__Ί_8,8_.png,180,0,180,180
G__Ί_9,9_.png,180,0,180,180
G__Ί_10,10_.png,180,0,180,180
G__Ί_11,11_.png,180,0,180,180
G__Ί_12,12_.png,180,0,180,180
G__Ί_13,13_.png,180,0,180,180
G__Ί_14,14_.png,180,0,180,180
G__Ί_15,15_.png,180,0,180,180
G__Ί_16,16_.png,180,0,180,180
;G__Ί_17,17_.png,180,0,180,180
G__Ί_18,18_.png,180,0,180,180
G__Ί_19,19_.png,180,0,180,180
G__Ί_20,20_.png,180,0,180,180
G__Ί_21,21_.png,180,0,180,180
G__Ί_22,22_.png,180,0,180,180
G__Ί_23,23_.png,180,0,180,180
G__Ί_24,24_.png,180,0,180,180
G__Ί_25,25_.png,180,0,180,180
G__Ί_26,26_.png,180,0,180,180
G__Ί_27,27_.png,180,0,180,180
G__Ί_28,28_.png,180,0,180,180
G__Ί_29,29_.png,180,0,180,180
G__Ί_30,30_.png,180,0,180,180
G__Ί_31,31_.png,180,0,180,180
G__Ί_32,32_.png,180,0,180,180
G__Ί_33,33_.png,180,0,180,180
G__Ί_34,34_.png,180,0,180,180
G__Ί_35,35_.png,180,0,180,180
G__Ί_36,36_.png,180,0,180,180
G__Ί_37,37_.png,180,0,180,180
G__Ί_38,38_.png,180,0,180,180
G__Ί_39,39_.png,180,0,180,180
G__Ί_40,40_.png,180,0,180,180
G__Ί_41,41_.png,180,0,180,180
G__Ί_42,42_.png,180,0,180,180
G__Ί_43,43_.png,180,0,180,180
G__Ί_44,44_.png,180,0,180,180
G__Ί_45,45_.png,180,0,180,180
G__Ί_46,46_.png,180,0,180,180
G__Ί_47,47_.png,180,0,180,180
G__Ί_48,48_.png,180,0,180,180
G__Ί_49,49_.png,180,0,180,180
G__Ί_50,50_.png,180,0,180,180
G__Ί_51,51_.png,180,0,180,180
G__Ί_52,52_.png,180,0,180,180
G__Ί_53,53_.png,180,0,180,180
G__Ί_54,54_.png,180,0,180,180
G__Ί_55,55_.png,180,0,180,180
G__Ί_56,56_.png,180,0,180,180
G__Ί_57,57_.png,180,0,180,180
G__Ί_58,58_.png,180,0,180,180
G__Ί_59,59_.png,180,0,180,180
G__Ί_60,60_.png,180,0,180,180
G__Ί_61,61_.png,180,0,180,180
G__Ί_62,62_.png,180,0,180,180
G__Ί_63,63_.png,180,0,180,180
G__Ί_64,64_.png,180,0,180,180
G__Ί_65,65_.png,180,0,180,180
G__Ί_66,66_.png,180,0,180,180
G__Ί_67,67_.png,180,0,180,180
G__Ί_68,68_.png,180,0,180,180
G__Ί_69,69_.png,180,0,180,180
G__Ί_70,70_.png,180,0,180,180
G__Ί_71,71_.png,180,0,180,180
G__Ί_72,72_.png,180,0,180,180
G__Ί_73,73_.png,180,0,180,180
G__Ί_74,74_.png,180,0,180,180
G__Ί_75,75_.png,180,0,180,180
G__Ί_76,76_.png,180,0,180,180
G__Ί_77,77_.png,180,0,180,180
G__Ί_78,78_.png,180,0,180,180
G__Ί_79,79_.png,180,0,180,180
G__Ί_80,80_.png,180,0,180,180
G__Ί_81,81_.png,180,0,180,180
G__Ί_82,82_.png,180,0,180,180
G__Ί_83,83_.png,180,0,180,180
G__Ί_84,84_.png,180,0,180,180
G__Ί_85,85_.png,180,0,180,180
G__Ί_86,86_.png,180,0,180,180
G__Ί_87,87_.png,180,0,180,180
G__Ί_88,88_.png,180,0,180,180
G__Ί_89,89_.png,180,0,180,180
G__Ί_90,90_.png,180,0,180,180
G__Ί_91,91_.png,180,0,180,180
G__Ί_92,92_.png,180,0,180,180
G__Ί_93,93_.png,180,0,180,180
G__Ί_94,94_.png,180,0,180,180
G__Ί_95,95_.png,180,0,180,180
G__Ί_96,96_.png,180,0,180,180
G__Ί_97,97_.png,180,0,180,180
G__Ί_98,98_.png,180,0,180,180
G__Ί_99,99_.png,180,0,180,180
G__Ί_100,100_.png,180,0,180,180
G__Ί_101,101_.png,180,0,180,180
G__Ί_102,102_.png,180,0,180,180
G__Ί_103,103_.png,180,0,180,180
G__Ί_104,104_.png,180,0,180,180
G__Ί_105,105_.png,180,0,180,180
G__Ί_106,106_.png,180,0,180,180
G__Ί_107,107_.png,180,0,180,180
G__Ί_108,108_.png,180,0,180,180
G__Ί_109,109_.png,180,0,180,180
G__Ί_110,110_.png,180,0,180,180
G__Ί_111,111_.png,180,0,180,180
G__Ί_112,112_.png,180,0,180,180
G__Ί_113,113_.png,180,0,180,180
G__Ί_114,114_.png,180,0,180,180
G__Ί_115,115_.png,180,0,180,180
G__Ί_116,116_.png,180,0,180,180
G__Ί_117,117_.png,180,0,180,180
;G__Ί_118,118_.png,180,0,180,180
;G__Ί_119,119_.png,180,0,180,180
;G__Ί_120,120_.png,180,0,180,180



;----------------------------------
;@Ί
;----------------------------------
G__Ί_1,1_.png,180,180,180,180
G__Ί_2,2_.png,180,180,180,180
G__Ί_3,3_.png,180,180,180,180
G__Ί_4,4_.png,180,180,180,180
G__Ί_5,5_.png,180,180,180,180
G__Ί_6,6_.png,180,180,180,180
G__Ί_7,7_.png,180,180,180,180
G__Ί_8,8_.png,180,180,180,180
G__Ί_9,9_.png,180,180,180,180
G__Ί_10,10_.png,180,180,180,180
G__Ί_11,11_.png,180,180,180,180
G__Ί_12,12_.png,180,180,180,180
G__Ί_13,13_.png,180,180,180,180
G__Ί_14,14_.png,180,180,180,180
G__Ί_15,15_.png,180,180,180,180
G__Ί_16,16_.png,180,180,180,180
;G__Ί_17,17_.png,180,180,180,180
G__Ί_18,18_.png,180,180,180,180
G__Ί_19,19_.png,180,180,180,180
G__Ί_20,20_.png,180,180,180,180
G__Ί_21,21_.png,180,180,180,180
G__Ί_22,22_.png,180,180,180,180
G__Ί_23,23_.png,180,180,180,180
G__Ί_24,24_.png,180,180,180,180
G__Ί_25,25_.png,180,180,180,180
G__Ί_26,26_.png,180,180,180,180
G__Ί_27,27_.png,180,180,180,180
G__Ί_28,28_.png,180,180,180,180
G__Ί_29,29_.png,180,180,180,180
G__Ί_30,30_.png,180,180,180,180
G__Ί_31,31_.png,180,180,180,180
G__Ί_32,32_.png,180,180,180,180
G__Ί_33,33_.png,180,180,180,180
G__Ί_34,34_.png,180,180,180,180
G__Ί_35,35_.png,180,180,180,180
G__Ί_36,36_.png,180,180,180,180
G__Ί_37,37_.png,180,180,180,180
G__Ί_38,38_.png,180,180,180,180
G__Ί_39,39_.png,180,180,180,180
G__Ί_40,40_.png,180,180,180,180
G__Ί_41,41_.png,180,180,180,180
G__Ί_42,42_.png,180,180,180,180
G__Ί_43,43_.png,180,180,180,180
G__Ί_44,44_.png,180,180,180,180
G__Ί_45,45_.png,180,180,180,180
G__Ί_46,46_.png,180,180,180,180
G__Ί_47,47_.png,180,180,180,180
G__Ί_48,48_.png,180,180,180,180
G__Ί_49,49_.png,180,180,180,180
G__Ί_50,50_.png,180,180,180,180
G__Ί_51,51_.png,180,180,180,180
G__Ί_52,52_.png,180,180,180,180
G__Ί_53,53_.png,180,180,180,180
G__Ί_54,54_.png,180,180,180,180
G__Ί_55,55_.png,180,180,180,180
G__Ί_56,56_.png,180,180,180,180
G__Ί_57,57_.png,180,180,180,180
G__Ί_58,58_.png,180,180,180,180
G__Ί_59,59_.png,180,180,180,180
G__Ί_60,60_.png,180,180,180,180
G__Ί_61,61_.png,180,180,180,180
G__Ί_62,62_.png,180,180,180,180
G__Ί_63,63_.png,180,0,180,180
G__Ί_64,64_.png,180,180,180,180
G__Ί_65,65_.png,180,180,180,180
G__Ί_66,66_.png,180,180,180,180
G__Ί_67,67_.png,180,180,180,180
G__Ί_68,68_.png,180,180,180,180
G__Ί_69,69_.png,180,180,180,180
G__Ί_70,70_.png,180,180,180,180
G__Ί_71,71_.png,180,0,180,180
G__Ί_72,72_.png,180,180,180,180
G__Ί_73,73_.png,180,0,180,180
G__Ί_74,74_.png,180,180,180,180
G__Ί_75,75_.png,180,180,180,180
G__Ί_76,76_.png,180,180,180,180
G__Ί_77,77_.png,180,180,180,180
G__Ί_78,78_.png,180,180,180,180
G__Ί_79,79_.png,180,180,180,180
G__Ί_80,80_.png,180,180,180,180
G__Ί_81,81_.png,180,180,180,180
G__Ί_82,82_.png,180,180,180,180
G__Ί_83,83_.png,180,180,180,180
G__Ί_84,84_.png,180,180,180,180
G__Ί_85,85_.png,180,180,180,180
G__Ί_86,86_.png,180,180,180,180
G__Ί_87,87_.png,180,180,180,180
G__Ί_88,88_.png,180,180,180,180
G__Ί_89,89_.png,180,180,180,180
G__Ί_90,90_.png,180,180,180,180
G__Ί_91,91_.png,180,180,180,180
G__Ί_92,92_.png,180,180,180,180
G__Ί_93,93_.png,180,0,180,180
G__Ί_94,94_.png,180,0,180,180
G__Ί_95,95_.png,180,0,180,180
G__Ί_96,96_.png,180,0,180,180
G__Ί_97,97_.png,180,0,180,180
G__Ί_98,98_.png,180,180,180,180
G__Ί_99,99_.png,180,180,180,180
G__Ί_100,100_.png,180,180,180,180
G__Ί_101,101_.png,180,180,180,180
G__Ί_102,102_.png,180,180,180,180
G__Ί_103,103_.png,180,180,180,180
G__Ί_104,104_.png,180,180,180,180
G__Ί_105,105_.png,180,180,180,180
G__Ί_106,106_.png,180,0,180,180
G__Ί_107,107_.png,180,0,180,180
G__Ί_108,108_.png,180,0,180,180
G__Ί_109,109_.png,180,0,180,180
G__Ί_110,110_.png,180,0,180,180
G__Ί_111,111_.png,180,180,180,180
G__Ί_112,112_.png,180,0,180,180
G__Ί_113,113_.png,180,0,180,180
G__Ί_114,114_.png,180,180,180,180
G__Ί_115,115_.png,180,180,180,180
G__Ί_116,116_.png,180,180,180,180
G__Ί_117,117_.png,180,180,180,180
;G__Ί_118,118_.png,180,180,180,180
;G__Ί_119,119_.png,180,180,180,180
;G__Ί_120,120_.png,180,180,180,180


;----------------------------------
;_{
;----------------------------------
G__{_1,1_.png,360,0,180,180
G__{_2,2_.png,360,0,180,180
G__{_3,3_.png,360,0,180,180
G__{_4,4_.png,360,0,180,180
G__{_5,5_.png,360,0,180,180
G__{_6,6_.png,360,0,180,180
G__{_7,7_.png,360,0,180,180
G__{_8,8_.png,360,0,180,180
G__{_9,9_.png,360,0,180,180
G__{_10,10_.png,360,0,180,180
G__{_11,11_.png,360,0,180,180
G__{_12,12_.png,360,0,180,180
G__{_13,13_.png,360,0,180,180
G__{_14,14_.png,360,0,180,180
G__{_15,15_.png,360,0,180,180
G__{_16,16_.png,360,0,180,180
;G__{_17,17_.png,360,0,180,180
G__{_18,18_.png,360,0,180,180
G__{_19,19_.png,360,0,180,180
G__{_20,20_.png,360,0,180,180
G__{_21,21_.png,360,0,180,180
G__{_22,22_.png,360,0,180,180
G__{_23,23_.png,360,0,180,180
G__{_24,24_.png,360,0,180,180
G__{_25,25_.png,360,0,180,180
G__{_26,26_.png,360,0,180,180
G__{_27,27_.png,360,0,180,180
G__{_28,28_.png,360,0,180,180
G__{_29,29_.png,360,0,180,180
G__{_30,30_.png,360,0,180,180
G__{_31,31_.png,360,0,180,180
G__{_32,32_.png,360,0,180,180
G__{_33,33_.png,360,0,180,180
G__{_34,34_.png,360,0,180,180
G__{_35,35_.png,360,0,180,180
G__{_36,36_.png,360,0,180,180
G__{_37,37_.png,360,0,180,180
G__{_38,38_.png,360,0,180,180
G__{_39,39_.png,360,0,180,180
G__{_40,40_.png,360,0,180,180
G__{_41,41_.png,360,0,180,180
G__{_42,42_.png,360,0,180,180
G__{_43,43_.png,360,0,180,180
G__{_44,44_.png,360,0,180,180
G__{_45,45_.png,360,0,180,180
G__{_46,46_.png,360,0,180,180
G__{_47,47_.png,360,0,180,180
G__{_48,48_.png,360,0,180,180
G__{_49,49_.png,360,0,180,180
G__{_50,50_.png,360,0,180,180
G__{_51,51_.png,360,0,180,180
G__{_52,52_.png,360,0,180,180
G__{_53,53_.png,360,0,180,180
G__{_54,54_.png,360,0,180,180
G__{_55,55_.png,360,0,180,180
G__{_56,56_.png,360,0,180,180
G__{_57,57_.png,360,0,180,180
G__{_58,58_.png,360,0,180,180
G__{_59,59_.png,360,0,180,180
G__{_60,60_.png,360,0,180,180
G__{_61,61_.png,360,0,180,180
G__{_62,62_.png,360,0,180,180
G__{_63,63_.png,360,0,180,180
G__{_64,64_.png,360,0,180,180
G__{_65,65_.png,360,0,180,180
G__{_66,66_.png,360,0,180,180
G__{_67,67_.png,360,0,180,180
G__{_68,68_.png,360,0,180,180
G__{_69,69_.png,360,0,180,180
G__{_70,70_.png,360,0,180,180
G__{_71,71_.png,360,0,180,180
G__{_72,72_.png,360,0,180,180
G__{_73,73_.png,360,0,180,180
G__{_74,74_.png,360,0,180,180
G__{_75,75_.png,360,0,180,180
G__{_76,76_.png,360,0,180,180
G__{_77,77_.png,360,0,180,180
G__{_78,78_.png,360,0,180,180
G__{_79,79_.png,360,0,180,180
G__{_80,80_.png,360,0,180,180
G__{_81,81_.png,360,0,180,180
G__{_82,82_.png,360,0,180,180
G__{_83,83_.png,360,0,180,180
G__{_84,84_.png,360,0,180,180
G__{_85,85_.png,360,0,180,180
G__{_86,86_.png,360,0,180,180
G__{_87,87_.png,360,0,180,180
G__{_88,88_.png,360,0,180,180
G__{_89,89_.png,360,0,180,180
G__{_90,90_.png,360,0,180,180
G__{_91,91_.png,360,0,180,180
G__{_92,92_.png,360,0,180,180
G__{_93,93_.png,360,0,180,180
G__{_94,94_.png,360,0,180,180
G__{_95,95_.png,360,0,180,180
G__{_96,96_.png,360,0,180,180
G__{_97,97_.png,360,0,180,180
G__{_98,98_.png,360,0,180,180
G__{_99,99_.png,360,0,180,180
G__{_100,100_.png,360,0,180,180
G__{_101,101_.png,360,0,180,180
G__{_102,102_.png,360,0,180,180
G__{_103,103_.png,360,0,180,180
G__{_104,104_.png,360,0,180,180
G__{_105,105_.png,360,0,180,180
G__{_106,106_.png,360,0,180,180
G__{_107,107_.png,360,0,180,180
G__{_108,108_.png,360,0,180,180
G__{_109,109_.png,360,0,180,180
G__{_110,110_.png,360,0,180,180
G__{_111,111_.png,360,0,180,180
G__{_112,112_.png,360,0,180,180
G__{_113,113_.png,360,0,180,180
G__{_114,114_.png,360,0,180,180
G__{_115,115_.png,360,0,180,180
G__{_116,116_.png,360,0,180,180
G__{_117,117_.png,360,0,180,180
;G__{_118,118_.png,360,0,180,180
;G__{_119,119_.png,360,0,180,180
;G__{_120,120_.png,360,0,180,180


;----------------------------------
;_{
;----------------------------------
G__{_1,1_.png,360,180,180,180
G__{_2,2_.png,360,180,180,180
G__{_3,3_.png,360,180,180,180
G__{_4,4_.png,360,180,180,180
G__{_5,5_.png,360,180,180,180
G__{_6,6_.png,360,180,180,180
G__{_7,7_.png,360,180,180,180
G__{_8,8_.png,360,180,180,180
G__{_9,9_.png,360,180,180,180
G__{_10,10_.png,360,180,180,180
G__{_11,11_.png,360,180,180,180
G__{_12,12_.png,360,180,180,180
G__{_13,13_.png,360,180,180,180
G__{_14,14_.png,360,180,180,180
G__{_15,15_.png,360,180,180,180
G__{_16,16_.png,360,180,180,180
;G__{_17,17_.png,360,180,180,180
G__{_18,18_.png,360,180,180,180
G__{_19,19_.png,360,180,180,180
G__{_20,20_.png,360,180,180,180
G__{_21,21_.png,360,180,180,180
G__{_22,22_.png,360,180,180,180
G__{_23,23_.png,360,180,180,180
G__{_24,24_.png,360,180,180,180
G__{_25,25_.png,360,180,180,180
G__{_26,26_.png,360,180,180,180
G__{_27,27_.png,360,180,180,180
G__{_28,28_.png,360,180,180,180
G__{_29,29_.png,360,180,180,180
G__{_30,30_.png,360,180,180,180
G__{_31,31_.png,360,180,180,180
G__{_32,32_.png,360,180,180,180
G__{_33,33_.png,360,180,180,180
G__{_34,34_.png,360,180,180,180
G__{_35,35_.png,360,180,180,180
G__{_36,36_.png,360,180,180,180
G__{_37,37_.png,360,180,180,180
G__{_38,38_.png,360,180,180,180
G__{_39,39_.png,360,180,180,180
G__{_40,40_.png,360,180,180,180
G__{_41,41_.png,360,180,180,180
G__{_42,42_.png,360,180,180,180
G__{_43,43_.png,360,180,180,180
G__{_44,44_.png,360,180,180,180
G__{_45,45_.png,360,180,180,180
G__{_46,46_.png,360,180,180,180
G__{_47,47_.png,360,180,180,180
G__{_48,48_.png,360,180,180,180
G__{_49,49_.png,360,180,180,180
G__{_50,50_.png,360,180,180,180
G__{_51,51_.png,360,180,180,180
G__{_52,52_.png,360,180,180,180
G__{_53,53_.png,360,180,180,180
G__{_54,54_.png,360,180,180,180
G__{_55,55_.png,360,180,180,180
G__{_56,56_.png,360,180,180,180
G__{_57,57_.png,360,180,180,180
G__{_58,58_.png,360,180,180,180
G__{_59,59_.png,360,180,180,180
G__{_60,60_.png,360,180,180,180
G__{_61,61_.png,360,180,180,180
G__{_62,62_.png,360,180,180,180
G__{_63,63_.png,360,0,180,180
G__{_64,64_.png,360,180,180,180
G__{_65,65_.png,360,180,180,180
G__{_66,66_.png,360,180,180,180
G__{_67,67_.png,360,180,180,180
G__{_68,68_.png,360,180,180,180
G__{_69,69_.png,360,180,180,180
G__{_70,70_.png,360,180,180,180
G__{_71,71_.png,360,0,180,180
G__{_72,72_.png,360,180,180,180
G__{_73,73_.png,360,0,180,180
G__{_74,74_.png,360,180,180,180
G__{_75,75_.png,360,180,180,180
G__{_76,76_.png,360,180,180,180
G__{_77,77_.png,360,180,180,180
G__{_78,78_.png,360,180,180,180
G__{_79,79_.png,360,180,180,180
G__{_80,80_.png,360,180,180,180
G__{_81,81_.png,360,180,180,180
G__{_82,82_.png,360,180,180,180
G__{_83,83_.png,360,180,180,180
G__{_84,84_.png,360,180,180,180
G__{_85,85_.png,360,180,180,180
G__{_86,86_.png,360,180,180,180
G__{_87,87_.png,360,180,180,180
G__{_88,88_.png,360,180,180,180
G__{_89,89_.png,360,180,180,180
G__{_90,90_.png,360,180,180,180
G__{_91,91_.png,360,180,180,180
G__{_92,92_.png,360,180,180,180
G__{_93,93_.png,360,0,180,180
G__{_94,94_.png,360,0,180,180
G__{_95,95_.png,360,0,180,180
G__{_96,96_.png,360,0,180,180
G__{_97,97_.png,360,0,180,180
G__{_98,98_.png,360,180,180,180
G__{_99,99_.png,360,180,180,180
G__{_100,100_.png,360,180,180,180
G__{_101,101_.png,360,180,180,180
G__{_102,102_.png,360,180,180,180
G__{_103,103_.png,360,180,180,180
G__{_104,104_.png,360,180,180,180
G__{_105,105_.png,360,180,180,180
G__{_106,106_.png,360,0,180,180
G__{_107,107_.png,360,0,180,180
G__{_108,108_.png,360,0,180,180
G__{_109,109_.png,360,0,180,180
G__{_110,110_.png,360,180,180,180
G__{_111,111_.png,360,180,180,180
G__{_112,112_.png,360,0,180,180
G__{_113,113_.png,360,0,180,180
G__{_114,114_.png,360,180,180,180
G__{_115,115_.png,360,180,180,180
G__{_116,116_.png,360,180,180,180
G__{_117,117_.png,360,180,180,180
;G__{_118,118_.png,360,180,180,180
;G__{_119,119_.png,360,180,180,180
;G__{_120,120_.png,360,180,180,180


;----------------------------------
;_Ƃ@ォd˂ĕ\
;----------------------------------
G_Ƃ_1,1_.png,540,0,180,180
G_Ƃ_2,2_.png,540,0,180,180
G_Ƃ_3,3_.png,540,0,180,180
G_Ƃ_4,4_.png,540,0,180,180
G_Ƃ_5,5_.png,540,0,180,180
G_Ƃ_6,6_.png,540,0,180,180
G_Ƃ_7,7_.png,540,0,180,180
G_Ƃ_8,8_.png,540,0,180,180
G_Ƃ_9,9_.png,540,0,180,180
G_Ƃ_10,10_.png,540,0,180,180
G_Ƃ_11,11_.png,540,0,180,180
G_Ƃ_12,12_.png,540,0,180,180
G_Ƃ_13,13_.png,540,0,180,180
G_Ƃ_14,14_.png,540,0,180,180
G_Ƃ_15,15_.png,540,0,180,180
G_Ƃ_16,16_.png,540,0,180,180
;G_Ƃ_17,17_.png,540,0,180,180
G_Ƃ_18,18_.png,540,0,180,180
G_Ƃ_19,19_.png,540,0,180,180
G_Ƃ_20,20_.png,540,0,180,180
G_Ƃ_21,21_.png,540,0,180,180
G_Ƃ_22,22_.png,540,0,180,180
G_Ƃ_23,23_.png,540,0,180,180
G_Ƃ_24,24_.png,540,0,180,180
G_Ƃ_25,25_.png,540,0,180,180
G_Ƃ_26,26_.png,540,0,180,180
G_Ƃ_27,27_.png,540,0,180,180
G_Ƃ_28,28_.png,540,0,180,180
G_Ƃ_29,29_.png,540,0,180,180
G_Ƃ_30,30_.png,540,0,180,180
G_Ƃ_31,31_.png,540,0,180,180
G_Ƃ_32,32_.png,540,0,180,180
G_Ƃ_33,33_.png,540,0,180,180
G_Ƃ_34,34_.png,540,0,180,180
G_Ƃ_35,35_.png,540,0,180,180
G_Ƃ_36,36_.png,540,0,180,180
G_Ƃ_37,37_.png,540,0,180,180
G_Ƃ_38,38_.png,540,0,180,180
G_Ƃ_39,39_.png,540,0,180,180
G_Ƃ_40,40_.png,540,0,180,180
G_Ƃ_41,41_.png,540,0,180,180
G_Ƃ_42,42_.png,540,0,180,180
G_Ƃ_43,43_.png,540,0,180,180
G_Ƃ_44,44_.png,540,0,180,180
G_Ƃ_45,45_.png,540,0,180,180
G_Ƃ_46,46_.png,540,0,180,180
G_Ƃ_47,47_.png,540,0,180,180
G_Ƃ_48,48_.png,540,0,180,180
G_Ƃ_49,49_.png,540,0,180,180
G_Ƃ_50,50_.png,540,0,180,180
G_Ƃ_51,51_.png,540,0,180,180
G_Ƃ_52,52_.png,540,0,180,180
G_Ƃ_53,53_.png,540,0,180,180
G_Ƃ_54,54_.png,540,0,180,180
G_Ƃ_55,55_.png,540,0,180,180
G_Ƃ_56,56_.png,540,0,180,180
G_Ƃ_57,57_.png,540,0,180,180
G_Ƃ_58,58_.png,540,0,180,180
G_Ƃ_59,59_.png,540,0,180,180
G_Ƃ_60,60_.png,540,0,180,180
G_Ƃ_61,61_.png,540,0,180,180
G_Ƃ_62,62_.png,540,0,180,180
G_Ƃ_63,63_.png,540,0,180,180
G_Ƃ_64,64_.png,540,0,180,180
G_Ƃ_65,65_.png,540,0,180,180
G_Ƃ_66,66_.png,540,0,180,180
G_Ƃ_67,67_.png,540,0,180,180
G_Ƃ_68,68_.png,540,0,180,180
G_Ƃ_69,69_.png,540,0,180,180
G_Ƃ_70,70_.png,540,0,180,180
G_Ƃ_71,71_.png,540,0,180,180
G_Ƃ_72,72_.png,540,0,180,180
G_Ƃ_73,73_.png,540,0,180,180
G_Ƃ_74,74_.png,540,0,180,180
G_Ƃ_75,75_.png,540,0,180,180
G_Ƃ_76,76_.png,540,0,180,180
G_Ƃ_77,77_.png,540,0,180,180
G_Ƃ_78,78_.png,540,0,180,180
G_Ƃ_79,79_.png,540,0,180,180
G_Ƃ_80,80_.png,540,0,180,180
G_Ƃ_81,81_.png,540,0,180,180
G_Ƃ_82,82_.png,540,0,180,180
G_Ƃ_83,83_.png,540,0,180,180
G_Ƃ_84,84_.png,540,0,180,180
G_Ƃ_85,85_.png,540,0,180,180
G_Ƃ_86,86_.png,540,0,180,180
G_Ƃ_87,87_.png,540,0,180,180
G_Ƃ_88,88_.png,540,0,180,180
G_Ƃ_89,89_.png,540,0,180,180
G_Ƃ_90,90_.png,540,0,180,180
G_Ƃ_91,91_.png,540,0,180,180
G_Ƃ_92,92_.png,540,0,180,180
G_Ƃ_93,93_.png,540,0,180,180
G_Ƃ_94,94_.png,540,0,180,180
G_Ƃ_95,95_.png,540,0,180,180
G_Ƃ_96,96_.png,540,0,180,180
G_Ƃ_97,97_.png,540,0,180,180
G_Ƃ_98,98_.png,540,0,180,180
G_Ƃ_99,99_.png,540,0,180,180
G_Ƃ_100,100_.png,540,0,180,180
G_Ƃ_101,101_.png,540,0,180,180
G_Ƃ_102,102_.png,540,0,180,180
G_Ƃ_103,103_.png,540,0,180,180
G_Ƃ_104,104_.png,540,0,180,180
G_Ƃ_105,105_.png,540,0,180,180
G_Ƃ_106,106_.png,540,0,180,180
G_Ƃ_107,107_.png,540,0,180,180
G_Ƃ_108,108_.png,540,0,180,180
G_Ƃ_109,109_.png,540,0,180,180
G_Ƃ_110,110_.png,540,0,180,180
G_Ƃ_111,111_.png,540,0,180,180
G_Ƃ_112,112_.png,540,0,180,180
G_Ƃ_113,113_.png,540,0,180,180
G_Ƃ_114,114_.png,540,0,180,180
G_Ƃ_115,115_.png,540,0,180,180
G_Ƃ_116,116_.png,540,0,180,180
G_Ƃ_117,117_.png,540,0,180,180
;G_Ƃ_118,118_.png,540,0,180,180
;G_Ƃ_119,119_.png,540,0,180,180
;G_Ƃ_120,120_.png,540,0,180,180

;Kl
G_Ƃ_ዾ_45,45_.png,540,180,180,180
G_Ƃ_ዾ_69,69_.png,540,180,180,180
G_Ƃ_ዾ_106,106_.png,540,180,180,180


;----------------------------------
;
;----------------------------------
;~A
G__ʏ_16_1,16__1.png,0,0,180,180
G__ʏ_16_1,16__1.png,0,180,180,180
G__Ί_16_1,16__1.png,180,0,180,180
G__Ί_16_1,16__1.png,180,180,180,180
G__{_16_1,16__1.png,360,0,180,180
G__{_16_1,16__1.png,360,180,180,180
G_Ƃ_16_1,16__1.png,540,0,180,180

;d
G__ʏ_67_2,67__2.png,0,0,180,180
G__ʏ_67_2,67__2.png,0,180,180,180
G__Ί_67_2,67__2.png,180,0,180,180
G__Ί_67_2,67__2.png,180,180,180,180
G__{_67_2,67__2.png,360,0,180,180
G__{_67_2,67__2.png,360,180,180,180
G_Ƃ_67_2,67__2.png,540,0,180,180

;wJ[eBA
G__ʏ_113_1,113__1.png,0,0,180,180
G__ʏ_113_1,113__1.png,0,0,180,180
G__Ί_113_1,113__1.png,180,0,180,180
G__Ί_113_1,113__1.png,180,0,180,180
G__{_113_1,113__1.png,360,0,180,180
G__{_113_1,113__1.png,360,0,180,180
G_Ƃ_113_1,113__1.png,540,0,180,180

G__ʏ_113_2,113__2.png,0,0,180,180
G__ʏ_113_2,113__2.png,0,0,180,180
G__Ί_113_2,113__2.png,180,0,180,180
G__Ί_113_2,113__2.png,180,0,180,180
G__{_113_2,113__2.png,360,0,180,180
G__{_113_2,113__2.png,360,0,180,180
G_Ƃ_113_2,113__2.png,540,0,180,180


;----------------------------------
;g
;----------------------------------
;
G_1_ʏ_26,26_.png,0,360,180,180
G_1_Ί_26,26_.png,180,360,180,180
G_1_{_26,26_.png,360,360,180,180
;c
G_1_ʏ_31,31_.png,0,360,180,180
G_1_Ί_31,31_.png,180,360,180,180
G_1_{_31,31_.png,360,360,180,180
;
G_1_ʏ_52,52_.png,0,360,180,180
G_1_Ί_52,52_.png,180,360,180,180
G_1_{_52,52_.png,360,360,180,180
;HXq
G_1_ʏ_66,66_.png,0,360,180,180
G_1_Ί_66,66_.png,180,360,180,180
G_1_{_66,66_.png,360,360,180,180


